city,lat,lng,admin_name,population,population_proper
Tokyo,35.6897,139.6922,Tōkyō,37977000,13515271
Ōsaka,34.6936,135.5019,Ōsaka,14977000,2725006
Nagoya,35.1167,136.9333,Aichi,9113000,2320361
Yokohama,35.4333,139.6333,Kanagawa,3748781,3748781
Fukuoka,33.5903,130.4019,Fukuoka,2128000,1588924
Sapporo,43.0621,141.3544,Hokkaidō,1958756,1958756
Kyōto,35.0111,135.7669,Kyōto,1805000,1459640
Kōbe,34.6913,135.183,Hyōgo,1522944,1522944
Saitama,35.8617,139.6453,Saitama,1307931,1307931
Hiroshima,34.3853,132.4553,Hiroshima,1306589,1306589
Sendai,38.2683,140.8694,Miyagi,1058070,1058070
Chiba,35.6,140.1,Chiba,980203,980203
Niigata,37.9161,139.0364,Niigata,796500,796500
Kumamoto,32.8031,130.7078,Kumamoto,739393,739393
Shizuoka,34.9756,138.3825,Shizuoka,691185,691185
Kagoshima,31.58,130.5281,Kagoshima,595319,595319
Hachiōji,35.6667,139.3167,Tōkyō,577560,577560
Utsunomiya,36.55,139.8833,Tochigi,519255,519255
Himeji,34.8167,134.6833,Hyōgo,530517,530517
Matsuyama,33.8333,132.7667,Ehime,509139,509139
Ōita,33.2333,131.6067,Ōita,477701,477701
Kanazawa,36.5667,136.65,Ishikawa,463873,463873
Takamatsu,34.35,134.05,Kagawa,418772,418772
Toyama,36.7,137.22,Toyama,415816,415816
Nagasaki,32.7833,129.8667,Nagasaki,411421,411421
Gifu,35.4167,136.7667,Gifu,401534,401534
Miyazaki,31.9167,131.4167,Miyazaki,398307,398307
Nagano,36.6486,138.1928,Nagano,370057,370057
Wakayama,34.2333,135.1667,Wakayama,355825,355825
Nara,34.6833,135.7833,Nara,353989,353989
Kawagoe,35.9177,139.4911,Saitama,337931,337931
Maebashi,36.3833,139.0667,Gunma,332999,332999
Kōchi,33.5667,133.5333,Kōchi,328930,328930
Naha,26.2122,127.6789,Okinawa,317606,317606
Akita,39.7197,140.1025,Akita,306178,306178
Morioka,39.6833,141.15,Iwate,292554,292554
Fukushima,37.7608,140.4733,Fukushima,286742,286742
Aomori,40.8222,140.7475,Aomori,276567,276567
Tsu,34.7186,136.5056,Mie,275371,275371
Mito,36.3667,140.4667,Ibaraki,269661,269661
Fukui,36.0641,136.2196,Fukui,262530,262530
Tokushima,34.0667,134.55,Tokushima,255167,255167
Yamagata,38.25,140.3333,Yamagata,249327,249327
Fuji,35.1614,138.6764,Shizuoka,245078,245078
Saga,33.2667,130.3,Saga,233514,233514
Matsue,35.4681,133.0486,Shimane,203565,203565
Yamaguchi,34.1781,131.4739,Yamaguchi,194990,194990
Tottori,35.5011,134.235,Tottori,188740,188740
Kōfu,35.6667,138.5667,Yamanashi,188406,188406
Kamakura,35.3197,139.5525,Kanagawa,172262,172262
Narita,35.7833,140.3167,Chiba,132293,132293
Shibuya,35.6536,139.7092,Tōkyō,102056,102056
Nikkō,36.7198,139.6982,Tochigi,78768,78768
Zushi,35.2956,139.5803,Kanagawa,56936,56936
Kamiyoshida,35.4875,138.8081,Yamanashi,47211,47211
Atami,35.0961,139.0717,Shizuoka,36089,36089
Izu,34.9767,138.9469,Shizuoka,29262,29262
Yakushima,30.39,130.6511,Kagoshima,12000,12000
Hakone,35.1833,139.0333,Kanagawa,13492,13492
Kawasaki,35.5167,139.7,Kanagawa,"1,531,646","1,531,646"
Odawara,35.25,139.15,Kanagawa,"194,672","194,672"
Yokosuka,35.25,139.6667,Kanagawa,"409,478","409,478"
Okayama,34.65,133.9167,Okayama,720865,720865
Kusatsu,36.6207,138.5961,Gunma,,
Kawanakajima,35.53,139.705,Kanagawa,1437266,1306785
Kitaku,33.8704,130.82,Fukuoka,997536,983037
Hamamatsu,34.7167,137.7333,Shizuoka,791770,791770
Sagamihara,35.5667,139.3667,Kanagawa,722828,722828
Honchō,35.6947,139.9825,Chiba,639107,639107
Kawaguchi,35.8078,139.7242,Saitama,592373,592373
Ichikawa,35.7219,139.9311,Chiba,495592,495592
Higashi-ōsaka,34.6794,135.6008,Ōsaka,494640,494640
Matsudo,35.7878,139.9031,Chiba,492671,492671
Nishinomiya-hama,34.7333,135.3333,Hyōgo,487413,487413
Fukuyama,34.4858,133.3625,Hiroshima,462203,462203
Machida,35.5486,139.4467,Tōkyō,434407,434407
Kashiwa,35.8544,139.9689,Chiba,429070,429070
Toyota,35.0833,137.1567,Aichi,426477,426477
Okazaki,34.95,137.1667,Aichi,387294,387294
Minamisuita,34.7667,135.5167,Ōsaka,381829,381829
Ichinomiya,35.3039,136.8031,Aichi,379689,379689
Toyohashi,34.7667,137.3833,Aichi,373234,373234
Koshigaya,35.8911,139.7908,Saitama,345458,345458
Ōtsu,35.0167,135.85,Shiga,342175,342175
Tokorozawa,35.7994,139.4689,Saitama,341409,341409
Tamuramachi-moriyama,37.41,140.38,Fukushima,340560,264602
Iwaki,37.0333,140.8833,Fukushima,340231,340231
Asahikawa,43.7706,142.365,Hokkaidō,334692,334692
Yokkaichi,34.9667,136.6167,Mie,310145,310145
Kasugai,35.25,136.9667,Aichi,306876,306876
Ōakashichō,34.6431,134.9975,Hyōgo,299094,299094
Ichihara,35.4981,140.1156,Chiba,270478,270478
Yao,34.6269,135.6008,Nara,266386,266386
Fuchū,35.6689,139.4778,Tōkyō,263932,263932
Kakogawachō-honmachi,34.7569,134.8414,Hyōgo,262308,262308
Hiratsuka,35.3231,139.3422,Kanagawa,257729,257729
Shinozaki,33.95,130.9333,Fukuoka,257038,257038
Hakodate,41.7733,140.7261,Hokkaidō,256222,256222
Sōka,35.8256,139.8056,Saitama,250939,250939
Chigasaki,35.3339,139.4047,Kanagawa,241887,241887
Tsukuba-kenkyūgakuen-toshi,36.0333,140.0667,Ibaraki,240987,240987
Chōfugaoka,35.6506,139.5408,Tōkyō,239650,239650
Hachimanchō,40.51,141.54,Aomori,239046,212104
Yato,35.4693,139.4616,Kanagawa,237445,237445
Sato,33.1631,129.7177,Nagasaki,237444,211251
Neya,34.7661,135.6281,Ōsaka,229974,229974
Kasukabe,35.9753,139.7525,Saitama,229932,229932
Ageoshimo,35.9775,139.5933,Saitama,225907,225907
Sakurazuka,34.8,135.3603,Ōsaka,225008,225008
Minamiōzuma,36.2404,137.97,Nagano,224926,210667
Atsugichō,35.4333,139.3667,Kanagawa,224677,224677
Kure,34.2492,132.5658,Hiroshima,218351,218351
Ashino,42.975,144.3747,Hokkaidō,198566,183612
Itami,34.7867,135.4056,Hyōgo,198395,198395
Yachiyo,35.7225,140.0997,Chiba,197792,197792
Higashi-Hiroshima,34.4167,132.7333,Hiroshima,195805,195805
Suzuka,34.8822,136.5842,Mie,195762,195762
Naka,37.4504,138.86,Niigata,195318,179802
Kumagaya,36.1472,139.3886,Saitama,194959,194959
Nagareyama,35.8561,139.9025,Saitama,193976,193976
Kamirenjaku,35.6833,139.5594,Tōkyō,192489,192489
Kawara,35.2647,139.1522,Kanagawa,190109,190109
Hino,35.6714,139.395,Tōkyō,189945,189945
Jōetsu,37.15,138.2333,Niigata,189881,189881
Anjōmachi,34.9667,137.0833,Aichi,188181,188181
Izuo,34.4836,135.4236,Ōsaka,185208,185208
Toyokawa,34.8268,137.3759,Aichi,183823,183823
Uji,34.8808,135.7794,Kyōto,180975,180975
Tachikawa,35.6939,139.4194,Tōkyō,180880,180880
Hitachi,36.6,140.65,Ibaraki,176069,176069
Ōbiraki,40.57,140.47,Aomori,174972,168429
Takaoka,42.6504,141.55,Hokkaidō,174806,147905
Beppuchō,42.9304,143.17,Hokkaidō,173890,165338
Narashino,35.6808,140.0267,Chiba,173716,173716
Izumo,35.3681,132.755,Shimane,172784,172784
Sakura,35.7239,140.2239,Chiba,170906,170906
Nishio,34.8667,137.0667,Aichi,169926,169926
Takaoka,36.75,137.0333,Toyama,167800,167800
Oyama,36.3147,139.8003,Tochigi,167633,167633
Iwata,34.7178,137.8514,Shizuoka,166393,166393
Ube,33.9517,131.2467,Yamaguchi,164325,164325
Niiza,35.7933,139.5653,Saitama,164083,164083
Matsuzaka,34.5781,136.5275,Mie,160080,160080
Ōgaki,35.3594,136.6128,Gifu,158911,158911
Tochigi,36.3824,139.7341,Tochigi,155714,155714
Hitachi-Naka,36.3964,140.5344,Ibaraki,155680,155680
Ueda,36.4019,138.2492,Nagano,154201,154201
Daiwanishi,34.83,135.4172,Hyōgo,153597,153597
Kariya,34.9833,137,Aichi,153190,153190
Noda,35.955,139.8747,Chiba,152652,152652
Imabari,34.0661,132.9978,Ehime,151956,151956
Kukichūō,36.0622,139.6669,Saitama,151106,151106
Higashi-murayama,35.7547,139.4686,Tōkyō,150186,150186
Sayama,35.8531,139.4122,Saitama,149423,149423
Komaki,35.2833,136.9167,Aichi,148709,148709
Tama,35.6333,139.45,Tōkyō,147832,147832
Yonago,35.4281,133.3311,Tottori,147667,147667
Iruma,35.8358,139.3911,Saitama,146802,146802
Kakamigahara,35.3989,136.8486,Gifu,144335,144335
Fukayachō,36.2,139.2833,Saitama,141966,141966
Kusatsu,35.0167,135.9667,Shiga,141928,141928
Shimotoda,35.8175,139.6778,Saitama,141724,141724
Misato,35.8303,139.8725,Saitama,141514,141514
Ishizaki,38.4281,141.3061,Miyagi,141293,141293
Kuwana,35.0622,136.6839,Mie,139587,139587
Koga,36.1833,139.7,Ibaraki,139274,139274
Tsuchiura,36.0667,140.2,Ibaraki,138517,138517
Yaizu,34.8667,138.3167,Shizuoka,136807,136807
Kisarazu,35.3761,139.9169,Chiba,135765,135765
Inazawa,35.25,136.7833,Aichi,135676,135676
Isahaya,32.8442,130.0536,Nagasaki,134503,134503
Ōme,35.7883,139.275,Tōkyō,133824,133824
Onomichi,34.4089,133.205,Hiroshima,132675,132675
Abiko,35.8642,140.0282,Chiba,131026,131026
Zama,35.4886,139.4075,Kanagawa,130608,130608
Iwakuni,34.1669,132.2197,Yamaguchi,130372,130372
Ōmiyachō,35.2222,138.6214,Shizuoka,128501,128501
Kokubunji,35.7108,139.4622,Tōkyō,127790,127790
Seto,35.2167,137.0833,Aichi,127653,127653
Iizuka,33.6458,130.6914,Fukuoka,126715,126715
Ise,34.4833,136.7167,Mie,123783,123783
Honmachi,32.5178,130.6181,Kumamoto,123758,123758
Tsuruoka,38.7217,139.8217,Yamagata,123437,123437
Kashiwara,34.5094,135.7925,Nara,122003,122003
Yonashiro-teruma,26.3792,127.8575,Okinawa,121294,121294
Daitōchō,34.7119,135.6233,Ōsaka,119986,119986
Kadoma,34.7333,135.5833,Ōsaka,119692,119692
Ebetsu,43.1039,141.5361,Hokkaidō,119509,119509
Nobeoka,32.5822,131.665,Miyazaki,119309,119309
Beppu,33.2847,131.4911,Ōita,118499,118499
Handa,34.8992,136.9267,Aichi,118145,118145
Kōnosu,36.0658,139.5222,Saitama,117373,117373
Kōenchō,43.8081,143.8942,Hokkaidō,116848,116848
Ikoma,34.6919,135.7006,Nara,116816,116816
Honchō,35.7581,139.5297,Tōkyō,116482,116482
Niihama,33.9603,133.2834,Ehime,116392,116392
Nasushiobara,36.9617,140.0461,Tochigi,116043,116043
Sano,36.3144,139.5783,Tochigi,115784,115784
Nagahama,35.3833,136.2833,Shiga,115069,115069
Hatsukaichi,34.3486,132.3317,Hiroshima,114975,114975
Otaru,43.1833,141,Hokkaidō,114947,114947
Hōfu,34.05,131.5667,Yamaguchi,114256,114256
Ōshū,39.1444,141.1389,Iwate,114246,114246
Hikone,35.2744,136.2597,Shiga,113818,113818
Higashiōmi,35.1128,136.2078,Shiga,113165,113165
Fujimino,35.8794,139.5197,Saitama,112689,112689
Akishima,35.7056,139.3536,Tōkyō,112005,112005
Kazo,36.1314,139.6019,Saitama,110921,110921
Sandachō,34.8894,135.2253,Hyōgo,110820,110820
Shirayamamachi,36.5144,136.5656,Ishikawa,110188,110188
Tondabayashichō,34.4992,135.5972,Ōsaka,110132,110132
Habikino,34.5578,135.6061,Ōsaka,109553,109553
Kamagaya,35.7769,140.0008,Chiba,109525,109525
Mineshita,35.1186,138.9186,Shizuoka,108118,108118
Tajimi,35.3328,137.1322,Gifu,107535,107535
Saijō,33.9196,133.1812,Ehime,105020,105020
Toride,35.9114,140.0503,Ibaraki,104667,104667
Ikeda,34.8167,135.4333,Ōsaka,104169,104169
Isehara,35.4028,139.315,Kanagawa,102137,102137
Sakado,35.9572,139.4031,Saitama,101531,101531
Sakata,38.9144,139.8364,Yamagata,100916,100916
Inzai,35.8322,140.1458,Chiba,100907,100907
Chikusei,36.3072,139.9831,Ibaraki,100816,100816
Tsuyama,35.1406,134.0319,Okayama,100387,100387
Kani,35.4258,137.0611,Gifu,100031,100031
Saku,36.2489,138.4769,Nagano,98609,98609
Iida,35.5147,137.8219,Nagano,98129,98129
Ginowan,26.2817,127.7783,Okinawa,98093,98093
Kōnan,35.3333,136.8667,Aichi,97893,97893
Fukata,33.8056,130.5406,Fukuoka,96886,96886
Kanuma,36.5672,139.745,Tochigi,95812,95812
Kamisu,35.89,140.6647,Ibaraki,95370,95370
Ōmura,32.9,129.9583,Nagasaki,95062,95062
Azumino,36.3028,137.8997,Nagano,94463,94463
Hanamaki Onsen,39.3886,141.1167,Iwate,94007,94007
Yashio,35.8228,139.8392,Saitama,92672,92672
Yotsukaidō,35.67,140.1683,Chiba,92668,92668
Kitakami,39.2867,141.1131,Iwate,92447,92447
Higashi-Matsuyama,36.0422,139.4,Saitama,92302,92302
Ōbu,35.0167,136.9667,Aichi,92101,92101
Mihara,34.4581,133.0039,Hiroshima,91604,91604
Nisshin,35.1333,137.0333,Aichi,91514,91514
Imizuchō,36.7125,137.0994,Toyama,90877,90877
Takagi,36.1669,136.2317,Fukui,88795,88795
Takasagochō-takasemachi,34.7658,134.7906,Hyōgo,88223,88223
Mobara,35.4283,140.2881,Chiba,87450,87450
Gotenba,35.3086,138.935,Shizuoka,87078,87078
Fukuroi,34.7503,137.925,Shizuoka,87064,87064
Sekimachi,35.4958,136.9178,Gifu,86698,86698
Yokotemachi,39.3106,140.5533,Akita,86499,86499
Kitanagoya,35.25,136.8667,Aichi,85899,85899
Kitakōriyamachō,34.6494,135.7828,Nara,84820,84820
Ushiku,35.9833,140.15,Ibaraki,84637,84637
Higashiyamato,35.7456,139.4267,Tōkyō,84223,84223
Chita,35,136.8667,Aichi,83946,83946
Muroran,42.3153,140.9736,Hokkaidō,83287,83287
Nakatsu,33.5983,131.1883,Fukuoka,82875,82875
Kimitsu,35.3306,139.9025,Chiba,82548,82548
Moriyama,35.0589,135.9944,Shiga,82526,82526
Kaneyama,31.3833,130.85,Kagoshima,82335,54692
Owariasahi,35.2167,137.0333,Aichi,81914,81914
Ōmihachiman,35.1283,136.0981,Shiga,81322,81322
Iwamizawa,43.1961,141.7758,Hokkaidō,80753,80753
Nagaoka,34.9267,135.6956,Kyōto,80514,80514
Gamagōri,34.8264,137.2196,Aichi,80091,80091
Akiruno,35.7289,139.2942,Tōkyō,80074,80074
Hannō,35.8558,139.3278,Saitama,79891,79891
Maizuru,35.45,135.3167,Kyōto,79886,79886
Gyōda,36.1389,139.4558,Saitama,79405,79405
Mooka,36.4403,140.0131,Tochigi,79109,79109
Natori-shi,38.1717,140.8919,Miyagi,78796,78796
Toyooka,35.5333,134.8167,Hyōgo,78299,78299
Daisen,39.4531,140.4756,Akita,77886,77886
Toyomamachi-teraike,38.6919,141.1878,Miyagi,77795,77795
Tsubame,37.6667,138.9667,Niigata,77307,77307
Honjō,36.2439,139.1903,Saitama,77045,77045
Ryūgasaki,35.9167,140.1833,Ibaraki,76741,76741
Fukuchiyama,35.2967,135.1264,Kyōto,76677,76677
Nakatsugawa,35.4875,137.5006,Gifu,76442,76442
Sasagawa,37.2867,140.3728,Fukushima,75822,75822
Yurihonjō,39.3858,140.0489,Akita,75417,75417
Shinkai,35.8367,139.5803,Saitama,75265,75265
Kunitachi,35.6839,139.4414,Tōkyō,75156,75156
Tatsunochō-tominaga,34.8581,134.5456,Hyōgo,74892,74892
Tatebayashi,36.245,139.5422,Gunma,74520,74520
Shibukawa,36.4833,139,Gunma,74425,74425
Kasama,36.345,140.3042,Ibaraki,74334,74334
Inuyama,35.3833,136.95,Aichi,73541,73541
Ōtawara,36.8667,140.0167,Tochigi,73508,73508
Ishioka,36.1833,140.2833,Ibaraki,73110,73110
Katori,35.8978,140.4992,Chiba,73110,73110
Hekinan,34.8833,137,Aichi,72875,72875
Chiryū,35,137.1167,Aichi,72166,72166
Yoshikawa,35.8911,139.8414,Saitama,71763,71763
Uwajima,33.2233,132.5606,Ehime,71586,71586
Musashimurayama,35.7547,139.3875,Tōkyō,71579,71579
Yawata-shimizui,34.8756,135.7078,Kyōto,70931,70931
Tanabe,33.7333,135.3833,Wakayama,70410,70410
Ōdate,40.2717,140.5647,Akita,70085,70085
Tsurugashima,35.9344,139.3931,Saitama,70076,70076
Kiyosu,35.2,136.85,Aichi,69680,69680
Toyoake,35.0625,137.0089,Aichi,69448,69448
Rittō,35.0217,135.9981,Shiga,69294,69294
Sabae,35.9567,136.1844,Fukui,68533,68533
Sōja,34.6728,133.7467,Okayama,68172,68172
Saiki,32.9603,131.8994,Ōita,67931,67931
Yachimata,35.6658,140.3183,Chiba,67522,67522
Kashima,35.9658,140.645,Ibaraki,67448,67448
Shiojiri,36.1167,137.95,Nagano,66737,66737
Ina,35.8275,137.9539,Nagano,66641,66641
Hashima,35.3167,136.7,Gifu,66573,66573
Kitamoto,36.0269,139.53,Saitama,65478,65478
Kurihara,38.7303,141.0214,Miyagi,65313,65313
Tamana,32.9281,130.5597,Kumamoto,64966,64966
Tsuruga,35.6372,136.0806,Fukui,64474,64474
Asahi,35.7203,140.6467,Chiba,64302,64302
Fujiidera,34.5747,135.5975,Ōsaka,63814,63814
Tomigusuku,26.1772,127.6811,Okinawa,63700,63700
Fujioka,36.2667,139.0667,Gunma,63556,63556
Nago,26.5917,127.9775,Okinawa,62725,62725
Tendō,38.3622,140.3783,Yamagata,62032,62032
Shiroi,35.7917,140.0564,Chiba,61931,61931
Tsushima,35.1833,136.7333,Aichi,61732,61732
Ogōshi,32.8858,130.7897,Kumamoto,61531,61531
Hasuda,35.9942,139.6622,Saitama,61507,61507
Aisai,35.15,136.7333,Aichi,61234,61234
Ōwada,40.6128,141.2058,Aomori,61058,61058
Hashimoto,34.3167,135.6,Wakayama,60885,60885
Itoman,26.1236,127.6658,Okinawa,60546,60546
Tahara,34.6414,137.1831,Aichi,60378,60378
Chichibu,35.9917,139.0856,Saitama,60303,60303
Shirakawa,37.1264,140.2108,Fukushima,59730,59730
Jōsō,36.0236,139.9939,Ibaraki,59647,59647
Date,37.8189,140.5631,Fukushima,59441,59441
Shimotsuke,36.3872,139.8422,Tochigi,59370,59370
Kokawa,34.2697,135.3625,Wakayama,59208,59208
Choshi,35.7347,140.8267,Chiba,59165,59165
Koga,33.7333,130.4667,Fukuoka,59111,59111
Sayama,34.5036,135.5556,Ōsaka,58746,58746
Tōgane,35.56,140.3661,Chiba,58686,58686
Koja,26.3643,127.8328,Okinawa,58658,58658
Kosai,34.7186,137.5317,Shizuoka,58423,58423
Ishikari,43.1783,141.3067,Hokkaidō,58277,58277
Murakami,38.2239,139.4801,Niigata,58096,58096
Tokoname,34.8833,136.8333,Aichi,57814,57814
Tama,34.4919,133.9458,Okayama,57631,57631
Fussa,35.7386,139.3267,Tōkyō,57527,57527
Kan’onjichō,34.1283,133.6628,Kagawa,57333,57333
Minokamo,35.4333,137.0167,Gifu,56804,56804
Kudamatsu,34.015,131.8703,Yamaguchi,56634,56634
Mukōchō,34.9486,135.6983,Kyōto,56415,56415
Toki,35.3525,137.1833,Gifu,56133,56133
Narutochō-mitsuishi,34.1667,134.6167,Tokushima,56007,56007
Nōgata,33.7439,130.7297,Fukuoka,55937,55937
Annaka,36.3264,138.8872,Gunma,55578,55578
Chino,35.9956,138.1589,Nagano,55531,55531
Hidaka,35.9078,139.3392,Saitama,55241,55241
Sakurai,34.5189,135.8519,Nara,55005,55005
Hamura,35.7672,139.3111,Tōkyō,54874,54874
Mutsu,41.2931,141.1831,Aomori,54721,54721
Hanyū,36.1728,139.5486,Saitama,53870,53870
Minami-Sōma,37.6422,140.9572,Fukushima,53643,53643
Funato,34.2564,135.3111,Wakayama,53566,53566
Imarichō-kō,33.2647,129.8808,Saga,53483,53483
Miyako,39.6414,141.9572,Iwate,52471,52471
Shiraoka,36.0189,139.6769,Saitama,52094,52094
Bandō,36.0483,139.8889,Ibaraki,51903,51903
Tomiya,38.4,140.8953,Miyagi,51889,51889
Arao,32.9867,130.4333,Kumamoto,51325,51325
Sakaidechō,34.3164,133.8606,Kagawa,51196,51196
Nichinan,31.6019,131.3789,Miyazaki,51106,51106
Miyoshi,34.8058,132.8517,Hiroshima,51049,51049
Tsukubamirai,35.9631,140.0372,Ibaraki,50870,50870
Noshiromachi,40.2122,140.0267,Akita,50842,50842
Yūki,36.3053,139.8775,Ibaraki,50817,50817
Satte,36.0781,139.7258,Saitama,50767,50767
Tōkamachi,37.1275,138.7557,Niigata,50754,50754
Yasu,35.0675,136.0258,Shiga,50432,50432
Tomisato,35.7267,140.3431,Chiba,49868,49868
Yamaga,33.0167,130.6914,Kumamoto,49783,49783
Suzaka,36.6511,138.3069,Nagano,49734,49734
Hikari,33.9617,131.9422,Yamaguchi,49686,49686
Sanmu,35.6028,140.4136,Chiba,49300,49300
Nomimachi,36.4375,136.4961,Ishikawa,49200,49200
Omitama,36.2394,140.3525,Ibaraki,49200,49200
Shimotsuchō-kominami,34.1556,135.2092,Wakayama,48846,48846
Ena,35.4494,137.4128,Gifu,48777,48777
Hitachi-ota,36.5383,140.5311,Ibaraki,48758,48758
Suwa,36.0392,138.1142,Nagano,48695,48695
Takahama,34.9276,136.9877,Aichi,48561,48561
Suzukawa,35.3731,139.3842,Kanagawa,48379,48379
Gosen,37.75,139.1833,Niigata,48360,48360
Ishigaki,24.3333,124.15,Okinawa,48132,48132
Tonami,36.65,136.9667,Toyama,48116,48116
Takeochō-takeo,33.1939,130.0192,Saga,48011,48011
Higashine,38.4314,140.3911,Yamagata,47920,47920
Iwakura,35.2833,136.8667,Aichi,47839,47839
Noboribetsu,42.4128,141.1067,Hokkaidō,47795,47795
Ami,36.0308,140.215,Ibaraki,47755,47755
Tomioka,36.26,138.89,Gunma,47648,47648
Kasuga,33.6108,130.4806,Fukuoka,47554,47554
Kikugawa,34.7578,138.0842,Shizuoka,47547,47547
Takashima,35.3528,136.0356,Shiga,47124,47124
Kasaoka,34.5072,133.5072,Okayama,47097,47097
Nakai,33.5756,133.6414,Kōchi,46951,46951
Kurayoshi,35.43,133.8256,Tottori,46943,46943
Shima,34.3283,136.8306,Mie,46937,46937
Tamagawa,33.6317,130.7997,Fukuoka,46611,46611
Hokota,36.1586,140.5164,Ibaraki,46415,46415
Kariya,34.7889,134.3724,Hyōgo,46347,46347
Hokuto,41.8242,140.6531,Hokkaidō,46054,46054
Shimeo,33.5914,130.4797,Fukuoka,45918,45918
Inabe,35.1158,136.5614,Mie,45454,45454
Hagi,34.4078,131.3989,Yamaguchi,45435,45435
Tateyama,34.9967,139.87,Chiba,45300,45300
Masuda,34.675,131.8428,Shimane,45291,45291
Inuma,36,139.6239,Saitama,44977,44977
Himi,36.85,136.9833,Toyama,44874,44874
Shinshiro,34.9,137.5,Aichi,44713,44713
Otofuke,42.9942,143.1981,Hokkaidō,44377,44377
Sugito,36.0256,139.7367,Saitama,44202,44202
Makinohara,34.74,138.2247,Shizuoka,44111,44111
Kobayashi,31.9967,130.9728,Miyazaki,44034,44034
Ogimachi,33.2506,130.2017,Saga,43617,43617
Shimabara,32.7756,130.3381,Nagasaki,43553,43553
Futtsu,35.3042,139.8569,Chiba,43213,43213
Taketoyo,34.8514,136.915,Aichi,43113,43113
Yuzawa,39.1644,140.4958,Akita,42887,42887
Nakano,36.7419,138.3694,Nagano,42390,42390
Kitaibaraki,36.8019,140.7511,Ibaraki,42122,42122
Shimo-tsuma,36.1844,139.9675,Ibaraki,41964,41964
Nanbei,35.3206,139.1,Kanagawa,41814,41814
Obita,32.8253,129.875,Nagasaki,41630,41630
Itoigawa,37.0333,137.85,Niigata,41325,41325
Ōzu,33.5064,132.5447,Ehime,41201,41201
Kasumigaura,36.1519,140.2372,Ibaraki,40833,40833
Sasayama,35.0758,135.2192,Hyōgo,40708,40708
Komono,35.02,136.5075,Mie,40487,40487
Kurobeshin,36.8667,137.45,Toyama,40231,40231
Sagae,38.3811,140.2761,Yamagata,40185,40185
Nakama,33.8167,130.709,Fukuoka,40003,40003
Takikawa,43.5578,141.9106,Hokkaidō,39960,39960
Hitachiomiya,36.5517,140.4119,Ibaraki,39904,39904
Inashiki,35.9567,140.3239,Ibaraki,39854,39854
Gishi,26.1911,127.7286,Okinawa,39835,39835
Sakuragawa,36.3272,140.0906,Ibaraki,39692,39692
Gujō,35.7486,136.9644,Gifu,39582,39582
Mibu,36.4272,139.8039,Tochigi,39454,39454
Aizawa,35.5289,139.3217,Kanagawa,39381,39381
Ibara,34.5978,133.4639,Okayama,39172,39172
Nishiwaki,34.9933,134.9694,Hyōgo,39147,39147
Higashimatsushima,38.4264,141.2106,Miyagi,39138,39138
Misawa,40.6833,141.3689,Aomori,38877,38877
Miyoshidai,35.8283,139.5267,Saitama,38393,38393
Fuchūchō,34.5683,133.2364,Hiroshima,37874,37874
Maibara,35.3153,136.2839,Shiga,37850,37850
Umi,33.5678,130.5111,Fukuoka,37609,37609
Yasugichō,35.4317,133.2508,Shimane,37581,37581
Mizunami,35.3619,137.2544,Gifu,37164,37164
Kanie,35.1322,136.7869,Aichi,37048,37048
Katsuragi,34.4892,135.7267,Nara,37004,37004
Kannan,35.0894,138.9453,Shizuoka,36908,36908
Tsubata,36.6686,136.7283,Ishikawa,36774,36774
Komatsushimachō,34.0047,134.5906,Tokushima,36689,36689
Usuki,33.1258,131.8047,Ōita,36536,36536
Minami-Bōsō,35.0433,139.8403,Chiba,36412,36412
Kanada,33.7761,130.9806,Fukuoka,36280,36280
Miyajima,33.1525,130.4747,Kumamoto,36214,36214
Kamata,33.5633,130.7117,Fukuoka,35929,35929
Morohongō,35.9417,139.3161,Saitama,35877,35877
Rifu,38.3303,140.9756,Miyagi,35597,35597
Ōfunato,39.0822,141.7083,Iwate,35535,35535
Iyo,33.7575,132.7039,Ehime,35508,35508
Abashiri,44.0206,144.2736,Hokkaidō,35205,35205
Sōsa,35.7078,140.5644,Chiba,35186,35186
Uonuma,37.2333,138.9667,Niigata,34895,34895
Kahoku,36.72,136.7067,Ishikawa,34792,34792
Nishihara,26.2261,127.7656,Okinawa,34741,34741
Ōzu,32.8789,130.8683,Kumamoto,34571,34571
Shōbara,34.8578,133.0167,Hiroshima,34432,34432
Minamishiro,36.0225,139.7228,Saitama,34133,34133
Kamaishi,39.2758,141.8856,Iwate,34118,34118
Wakabadai,45.4,141.7,Hokkaidō,33689,33689
Kuji,40.1903,141.7753,Iwate,33556,33556
Shiroishi,38.0022,140.6197,Miyagi,33380,33380
Kaizu,35.2206,136.6367,Gifu,33178,33178
Ōsawa,33.2067,130.3839,Fukuoka,33072,33072
Motosu,35.4831,136.6786,Gifu,33054,33054
Ōdachō-ōda,35.1922,132.4997,Shimane,32848,32848
Sakaiminato,35.5397,133.2317,Shimane,32837,32837
Nagato,34.3711,131.1822,Yamaguchi,32817,32817
Shingū,33.7153,130.4467,Fukuoka,32691,32691
Namegata,35.9903,140.4892,Ibaraki,32604,32604
Yorii,36.1183,139.1931,Saitama,32576,32576
Kuroishi,40.6428,140.5944,Aomori,32376,32376
Yawatahama-shi,33.4631,132.4233,Ehime,32238,32238
Yashiki,32.7914,130.8164,Kumamoto,32218,32218
Komagane,35.7289,137.9339,Nagano,32197,32197
Maebara,35.1142,140.0989,Chiba,32196,32196
Ayabe,35.2989,135.2586,Kyōto,32164,32164
Zentsujichó,34.2283,133.7872,Kagawa,32073,32073
Shimizuchō,35.0992,138.9028,Shizuoka,31974,31974
Shima,39.5547,141.1678,Iwate,31969,31969
Katagami,39.8833,139.9889,Akita,31923,31923
Ōyama,35.2719,139.5864,Kanagawa,31683,31683
Yaita,36.8067,139.9242,Tochigi,31617,31617
Kanzakimachi-kanzaki,33.3108,130.3731,Saga,31365,31365
Yunoshima,35.8058,137.2442,Gifu,31316,31316
Ōiso,35.3069,139.3114,Kanagawa,31284,31284
Ōno,35.9806,136.4875,Fukui,31264,31264
Omaezaki,34.6381,138.1281,Shizuoka,31262,31262
Tsuruno,40.8089,140.38,Aomori,31089,31089
Tawaramoto,34.5567,135.795,Nara,31028,31028
Kaminokawa,36.4392,139.91,Tochigi,30964,30964
Sasaguri,33.6156,130.5511,Fukuoka,30886,30886
Hirakawachō,40.5842,140.5664,Aomori,30822,30822
Shimotoba,34.8839,135.6628,Kyōto,30797,30797
Motomiya,37.5133,140.3939,Fukushima,30546,30546
Masaki,33.7875,132.7114,Ehime,29832,29832
Hanawa,40.2158,140.7883,Akita,29727,29727
Hirado,33.3681,129.5539,Nagasaki,29577,29577
Nirasaki,35.7089,138.4464,Yamanashi,29576,29576
Kaita,34.3722,132.5361,Hiroshima,29431,29431
Togitsu,32.8289,129.8486,Nagasaki,29375,29375
Ogawa,36.0567,139.2619,Saitama,29137,29137
Oyabe,36.6833,136.8667,Toyama,29081,29081
Aioi,34.8036,134.4681,Hyōgo,28971,28971
Matsubushi,35.9258,139.8153,Saitama,28953,28953
Yoshinaga,34.7708,138.2519,Shizuoka,28899,28899
Kakuda,37.9772,140.7819,Miyagi,28623,28623
Tainai,38.0667,139.4167,Niigata,28610,28610
Ōuda-yamaguchi,34.5278,135.9525,Nara,28568,28568
Obama,35.4956,135.7467,Fukui,28538,28538
Gojō,34.3528,135.6989,Nara,28519,28519
Kitsuki,33.4169,131.6161,Ōita,28476,28476
Sue,33.5872,130.5072,Fukuoka,28377,28377
Niimi,34.9772,133.4703,Okayama,28327,28327
Chatan,26.32,127.7639,Okinawa,28270,28270
Honchō,41.8958,140.6944,Hokkaidō,28080,28080
Kizuki,33.85,130.7,Fukuoka,28002,28002
Hiji,33.3694,131.5325,Ōita,27947,27947
Takahagi,36.7136,140.7097,Ibaraki,27863,27863
Ikata-chō,33.4883,132.3542,Ehime,8540,8540
Kozakai-chō,34.8,137.3589,Aichi,,
Uchimaru,40.5144,141.4927,Aomori,,
Onagawa Chō,38.4449,141.4327,Miyagi,,
Furudate,40.5293,141.3055,Aomori,,
Tsugaru,40.808722,140.380056,Aomori,"31,723","31,723"
Hirosaki,40.603111,140.463833,Aomori,"168,739","168,739"
Hiraizumi,38.986611,141.113833,Iwate,"7,408","7,408"
Kitaakita,40.226028,140.370806,Akita,"31,504","31,504"